{"timestamp": 1744216788.555022, "node_id": 2, "mem_pool_size": 0, "utxo_count": 0}
{"timestamp": 1744216798.590135, "node_id": 2, "mem_pool_size": 0, "utxo_count": 0}
{"timestamp": 1744216808.602481, "node_id": 2, "mem_pool_size": 0, "utxo_count": 0}
{"timestamp": 1744216818.6116102, "node_id": 2, "mem_pool_size": 0, "utxo_count": 0}
{"timestamp": 1744217215.451479, "node_id": 2, "mem_pool_size": 0, "utxo_count": 0}
{"timestamp": 1744217225.4705799, "node_id": 2, "mem_pool_size": 0, "utxo_count": 0}
{"timestamp": 1744217235.479101, "node_id": 2, "mem_pool_size": 0, "utxo_count": 0}
{"timestamp": 1744217382.973856, "node_id": 2, "mem_pool_size": 0, "utxo_count": 0}
{"timestamp": 1744217392.9996119, "node_id": 2, "mem_pool_size": 0, "utxo_count": 0}
{"timestamp": 1744217403.009241, "node_id": 2, "mem_pool_size": 0, "utxo_count": 0}
{"timestamp": 1744217413.0162659, "node_id": 2, "mem_pool_size": 0, "utxo_count": 0}
{"timestamp": 1744217423.0242078, "node_id": 2, "mem_pool_size": 0, "utxo_count": 0}
{"timestamp": 1744217433.0297248, "node_id": 2, "mem_pool_size": 0, "utxo_count": 0}
{"timestamp": 1744217443.0457091, "node_id": 2, "mem_pool_size": 0, "utxo_count": 0}
{"timestamp": 1744217453.055302, "node_id": 2, "mem_pool_size": 0, "utxo_count": 0}
{"timestamp": 1744217463.0646698, "node_id": 2, "mem_pool_size": 0, "utxo_count": 0}
{"timestamp": 1744217473.075144, "node_id": 2, "mem_pool_size": 0, "utxo_count": 0}
{"timestamp": 1744217483.0804439, "node_id": 2, "mem_pool_size": 0, "utxo_count": 0}
{"timestamp": 1744217493.1043599, "node_id": 2, "mem_pool_size": 0, "utxo_count": 0}
{"timestamp": 1744217503.288228, "node_id": 2, "mem_pool_size": 0, "utxo_count": 0}
{"timestamp": 1744217513.296329, "node_id": 2, "mem_pool_size": 0, "utxo_count": 0}
{"timestamp": 1744217523.308415, "node_id": 2, "mem_pool_size": 0, "utxo_count": 0}
{"timestamp": 1744217873.9088, "node_id": 2, "mem_pool_size": 0, "utxo_count": 0}
{"timestamp": 1744217883.917687, "node_id": 2, "mem_pool_size": 0, "utxo_count": 0}
{"timestamp": 1744217893.9286542, "node_id": 2, "mem_pool_size": 0, "utxo_count": 0}
